experimental_condition,Xv_0,Glc_0,Gln_0,Amm_0,Lac_0,pH_0,T_0,pH_switch_time[h],T_switch_time[h],pH_switch,T_switch,Glc_feed,Gln_feed,feed_volume,feed_start,feed_end,measurement_volume,stirring_rate,initial_volume,total_days
ExpNovel00,0.2502916494284906,56.3245304560419,3.4434888316261496,0.1,0.1,6.903765756351853,37.314662067297625,209.61957634578994,198.00483586996063,6.760927772675527,35.868530530245955,2.8122415636833544,0.13084474665957016,0.005,2,9,0.005,167.28385855378195,0.25,14
ExpNovel01,0.33478787383770137,41.73873500295189,5.913277611858173,0.1,0.1,7.048611745796962,36.8431413657748,180.10940943509624,253.72653111631735,6.825336034116161,35.14335423993128,0.8688789183556082,0.3408835018332094,0.005,1,9,0.005,162.07904172431793,0.25,14
ExpNovel02,0.22215008856313317,27.20854314599803,7.4776951929892785,0.1,0.1,6.957567739582304,36.66738214182435,293.4117279499699,301.8959455667639,6.94238288329503,36.30430563073701,1.5745960333904114,0.45708349272099824,0.005,1,12,0.005,188.1735122864278,0.25,14
ExpNovel03,0.3788497437999872,35.5800642649,5.233297450027461,0.1,0.1,7.064846577675865,36.306307281651705,266.56804567279016,190.10333453267293,6.902521103426133,36.606304063576076,2.140640484168776,0.6832762045732749,0.005,2,10,0.005,182.87964395032188,0.25,14
